Profession_eng,Specialty
"Avant-garde (the modern), singer",5B040300
Aircraft (designer of aircraft),5B074300
Aviamenedzher,5B050700
aeronautical engineer,5B011000
Aircraft mechanic (aircraft mechanic),5B070200
Aircraft mechanic (aircraft mechanic),5B060300
Cold heading machine gunner,5B070200
Avtomenedzher (manager on sales of cars),5B050700
Avtomenedzher (manager on sales of cars),5B070200
Mechanic,5B070200
Auto Estimator,5B070200
Autoexpert (Expert Avtotexnik),5B070200
Bank agent,5B060100
Agent transport service railway transport,5B071300
agricultural engineer,5B011000
Agronomist,5B080100
Agronomist Plant Protection,5B081100
Agronomist Plant Protection,5B080100
Agronomist Plant Protection,5B060900
agrochemist,5B012500
agrochemist,5B011200
agrochemist,5B060500
agrochemist,5B060600
Lawyer,5B030100
Administrator,5B050700
Database Administrator,5B060100
Site administrator,5B070300
Actor,5B040700
Actor Drama Theater,5B040700
Actor Musical Theater,5B040700
film and theater actor,5B040700
Information Security Analyst (security researcher),5B070300
Information Security Analyst (security researcher),5B100200
Information Security Analyst (security researcher),5B011100
Information Security Analyst (security researcher),5B010900
Data Analyst (Data Analyst),5B051200
Data Analyst (Data Analyst),5B070400
Data Analyst (Data Analyst),5B070300
Data Analyst (Data Analyst),5B010900
Data Analyst (Data Analyst),5B060100
Business Analyst (competitive) intelligence,5B060100
Computer Systems Analyst,5B070300
Computer Systems Analyst,5B010900
Analyst Stock Market,5B070400
crisis manager,5B050700
Apparatus absolyutirovaniya,5B060400
Apparatus in the manufacture of hard alloys and refractory metals,5B075300
Apparatus gasification,5B060600
Apparatus hydration,5B011200
Apparatus hydrogenation,5B011200
Apparatus hydrolysis,5B011200
Apparatus hydrochlorination,5B011200
Apparatus hydrochlorination,5B061000
Apparatus chemical finishing and drying yarns,5B012500
Apparatus chemical finishing and drying yarns,5B011200
Apparatus chemical finishing and drying yarns,5B060600
Apparatus recycling of chemical production waste,5B012500
Apparatus recycling of chemical production waste,5B072800
Apparatus recycling of chemical production waste,5B011200
Apparatus recycling of chemical production waste,5B060600
Apparatus for the separation of rare earth elements,5B061000
Apparatus gidrookisnyh obtain alkali metal compounds,5B061000
Apparatus preparation of spinning solutions,5B060600
Apparatus preparing binders,5B051400
Apparatus preparing aluminum sulfate,5B061000
Apparatus preparing chemical solutions,5B012500
Apparatus preparing chemical solutions,5B011200
Apparatus preparing chemical solutions,5B060600
Apparatus electrolyte Food,5B071800
Apparatus manufacturing chemicals,5B012500
Apparatus manufacturing chemicals,5B011200
Apparatus manufacturing chemicals,5B060600
Apparatus standardization in the manufacture of plastics,5B073200
Apparatus biosynthesis of fermentation products,5B011300
Apparatus biosynthesis of fermentation products,5B070100
Apparatus chemical fiber molding,5B012500
Apparatus chemical fiber molding,5B011200
Apparatus chemical fiber molding,5B060600
Apparatus photochemical synthesis,5B012500
Apparatus photochemical synthesis,5B011200
Apparatus photochemical synthesis,5B060600
Apparatus chemical water treatment,5B060600
Apparatus chemical cleaning preparations biosynthesis,5B012500
Apparatus chemical cleaning preparations biosynthesis,5B011300
Apparatus chemical cleaning preparations biosynthesis,5B011200
Apparatus chemical cleaning preparations biosynthesis,5B070100
Apparatus cleaning,5B012500
Apparatus cleaning,5B011200
Apparatus electrolysis,5B071800
Apparatus electrochemical production of tantalum,5B012500
Apparatus electrochemical production of tantalum,5B011200
Apparatus electrochemical production of tantalum,5B060600
Apparatus-Gidrometallurg,5B061000
Art Manager,5B050700
Art Manager,5B042300
Art journalist,5B050400
Art valuer,5B090800
Choreographer and teacher,5B012000
Ballistics testing of space vehicles,5B061100
Bank employee,5B060100
Bible scholar,5B091000
Bibliographer,5B091000
Librarian,5B091000
Librarian,5B011500
Librarian,5B010200
Librarian,5B010100
Business Analyst (specialist in business processes),5B060100
Business Informatics,5B100200
Business Informatics,5B070300
Business Informatics,5B011100
biogeography,5B011600
biogeography,5B011300
biogeography,5B070100
biogeography,5B060900
bioengineer,5B011300
bioengineer,5B011000
bioengineer,5B070100
bioengineer,5B060800
bioinformatics,5B011300
bioinformatics,5B011100
bioinformatics,5B070100
bioinformatics,5B060800
Biologist,5B012500
Biologist,5B011300
Biologist,5B060800
Research biologist,5B012500
Research biologist,5B011300
Research biologist,5B070100
Research biologist,5B060800
Bionic,5B011300
Bionic,5B070100
Bionic,5B060800
biotechnologist,5B070200
biotechnologist,5B011300
biotechnologist,5B060800
biopharmacology,5B011300
biopharmacology,5B070100
biopharmacology,5B060800
biophysicist,5B011300
biophysicist,5B011000
biophysicist,5B060800
biophysicist,5B060400
Biochemist,5B012500
Biochemist,5B011300
Biochemist,5B011200
Biochemist,5B070100
Biochemist,5B060800
Biochemist,5B060600
Botanist,5B060800
Brand designer,5B042100
Brand Manager,5B050700
Brand manager spaces,5B050700
Brand manager spaces,5B071300
barman,5B050800
Accountant,5B050800
Accountant pretenzionist,5B050800
Auditor,5B050800
Accountant-economist,5B051300
Accountant-economist,5B050600
Web Analyst,5B070400
Web Designer,5B042100
Web Designer,5B070400
Leading television and radio programs,5B070400
makeup man,5B070400
Web Analyst,5B010900
Web Designer,5B070300
Leading television and radio programs,5B070300
makeup man,5B070300
Veterinarian,5B120100
Veterinary and sanitary inspector,5B120100
Veterinarian,5B120100
veterinary assistant,5B120100
videographer,5B041200
"Makeup artist, hair stylist",5B042100
Car driver,5B070200
terrain tracked vehicle driver,5B070201
Motor-driver means,5B070202
Loader driver,5B070203
tram driver,5B070204
trolleybus driver,5B070205
Driver electric and avtotelezhki,5B070206
Diver,5B070207
Plumber BF,5B080500
Military,5B010400
military journalist,5B050400
military engineer,5B011000
military translator,5B020700
military communications,5B051400
leader,5B010300
leader,5B010200
leader,5B010100
educator,5B010300
educator,5B010200
educator,5B010100
Mentor extended-day groups,5B010300
Mentor extended-day groups,5B010200
Mentor extended-day groups,5B010100
Pre-School with developmental disabilities and intact development,5B010100
Mentor infants and preschool children,5B010100
Teachers of kindergartens,5B010100
Preschool teachers with the right to work of musical director,5B040100
Preschool teachers with the right to work of musical director,5B010600
Preschool teachers with the right to work of musical director,5B010100
Caregiver speech therapy groups,5B010300
Caregiver speech therapy groups,5B010200
Caregiver speech therapy groups,5B010100
Orientalist,5B020900
Doctor,5B130100
Doctor of Clinical Laboratory Diagnostics,5B130100
Doctor of Space Medicine,5B061100
Doctor lab case,5B130100
Personalized medicine doctor,5B130100
telemedicine doctor (doctor network),5B130100
Ultrasound diagnostic doctor,5B130100
The doctor hygienist (medical doctor),5B130100
The doctor hygienist-epidemiologist,5B130100
Dietician,5B130100
Infectious disease physician,5B130100
The doctor cybernetics,5B130100
Doctor optometrist,5B130100
The radiologist,5B130100
Radiologist,5B130100
Specialist,5B130100
Dentist,5B130100
Epidemiologist,5B130100
Vyzhigalschik wood,5B072500
Embroiderer textile haberdashery,5B073300
"Drilling rig assembling, electrician",5B071800
Knitter textile haberdashery,5B073300
GMO-agronomist,5B080100
Gallerist (loft manager),5B050700
Game Designer,5B042100
Geneticist,5B130100
Genetic counselor (doctor-geneticist),5B060700
genetic engineer,5B060700
Geographer,5B011600
Geographer,5B060900
Geoinformatics,5B011100
geocryologists,5B011600
Geologist,5B011600
Petroleum geologist,5B011600
prospector,5B011600
geomorphology,5B011600
Geonavigator (for geo-steering Engineer),5B011600
Geonavigator (for geo-steering Engineer),5B011000
Geochemist,5B012500
Geochemist,5B011600
Geochemist,5B011200
Geochemist,5B060600
Geoecology,5B011600
Geoecology,5B060800
dental hygienist,5B060700
Guide-interpreter,5B020700
hydroacoustics,5B061000
hydrobiology,5B012500
hydrobiology,5B011300
hydrobiology,5B070100
hydrobiology,5B061000
hydrograph,5B061000
Hydrologist,5B061000
Gidrometeonabyudatel,5B061000
hydrometeorology,5B061000
Gidrometnablyudatel,5B061000
Hydroecolog,5B061000
Hydroecolog,5B060800
Hydroecolog,5B061000
Hydroecolog,5B060600
race engineer,5B011000
Potter,5B041500
Gornomontazhnik underground,5B061000
miners underground,5B061000
Mining engineer,5B011000
Mining engineer-dressing,5B011000
State auditor,5B052100
State auditor,5B050800
State inspector,5B051000
State employee,5B051000
Graphic Designer,5B042100
Graphic Designer,5B041400
makeup man,5B041700
Date journalist,5B050400
Date journalist,5B070400
The developer,5B070400
Decorator,5B041700
Child psychologist,5B010300
Child psychologist,5B010200
Child psychologist,5B010100
pathologist,5B130100
pathologist,5B010500
pathologist,5B010100
pathologist,5B010200
jazz vocalist,5B040300
Designer,5B042100
Designer substances and preparations (the drag designer),5B042100
Designer virtual worlds,5B042100
The designer of the urban environment,5B042100
Designer augmented reality,5B042100
Interior designer,5B042100
Designer software,5B042100
Furniture designer,5B042100
Designer wearable energoustroystv,5B042100
Clothes designer,5B042100
Designer vehicles,5B042100
packaging designer,5B042100
font designer,5B042100
emotions designer,5B042100
Designer Visualizer (3D designer),5B042100
Designer Design,5B042100
Fashion designer shoes,5B042100
Designer florist,5B042100
Designer,5B070400
Designer substances and preparations (the drag designer),5B070400
Designer virtual worlds,5B070400
The designer of the urban environment,5B070400
Designer augmented reality,5B070400
Interior designer,5B070400
Designer software,5B070400
Furniture designer,5B070400
Designer wearable energoustroystv,5B070400
Clothes designer,5B070400
Designer vehicles,5B070400
packaging designer,5B070400
font designer,5B070400
emotions designer,5B070400
Designer Visualizer (3D designer),5B070400
Designer Design,5B070400
Fashion designer shoes,5B070400
Designer florist,5B070400
Nutritionist,5B130100
Designer,5B041000
Designer substances and preparations (the drag designer),5B041000
Designer virtual worlds,5B041000
The designer of the urban environment,5B041000
Designer augmented reality,5B041000
Interior designer,5B041000
Designer software,5B041000
Furniture designer,5B041000
Designer wearable energoustroystv,5B041000
Clothes designer,5B041000
Designer vehicles,5B041000
packaging designer,5B041000
font designer,5B041000
emotions designer,5B041000
Designer Visualizer (3D designer),5B041000
Designer Design,5B041000
Fashion designer shoes,5B041000
Designer florist,5B041000
Designer,5B070300
Designer substances and preparations (the drag designer),5B070300
Designer virtual worlds,5B070300
The designer of the urban environment,5B070300
Designer augmented reality,5B070300
Interior designer,5B070300
Designer software,5B011100
Furniture designer,5B070300
Designer wearable energoustroystv,5B070300
Clothes designer,5B070300
Designer vehicles,5B070300
packaging designer,5B070300
font designer,5B070300
emotions designer,5B070300
Designer Visualizer (3D designer),5B070300
Designer Design,5B070300
Fashion designer shoes,5B070300
Designer florist,5B070300
Technician floating drilling unit in the sea,5B071500
Speaker,5B130100
Diplomat,5B020200
director,5B050700
store manager,5B050700
Director of Oil Depot (leader of a tank farm),5B050700
Conductor,5B040500
grid manager (Power dispatcher),5B081200
Home tutor (tutor),5B010300
Home tutor (tutor),5B010200
Home tutor (tutor),5B010100
Traffic Inspector (rail),5B071300
Playwright (writer),5B041000
Egyptologist,5B011400
grazier,5B080200
Journalist,5B050400
International journalist,5B050400
Head of library,5B091000
Defender of the rights of electricity potrebeley,5B071800
soundman,5B040600
Land,5B090300
Land,5B061000
Zoologist,5B011300
zoopsychology,5B010300
IT Auditor,5B050800
IT Auditor,5B070300
IT geneticist,5B070301
IT consultant,5B070302
Igromaster,5B010100
Igropedagog,5B010100
Igropraktik,5B010100
Make caramel,
The manufacturer of artistic products of wood,5B072500
Manufactured art of ceramics,5B041500
The manufacturer of artistic products of the vine,5B041500
Manufactured articles made of metal feature,5B041500
Manufactured articles made of fabrics art with artistic painting,5B041500
iconographer,5B010700
Illustrator,5B010700
image maker,5B042100
Investment Manager (Investment Manager),5B050700
Engineer,5B070300
Engineer,5B011000
Engineer,5B010900
Engineer,5B060300
Engineer in the forest sector,5B080700
Engineer urban cadastre,5B090700
Engineer integrated water management,5B060300
Engineer optoelectronic devices,5B071600
Engineer optoelectronic devices,5B011000
Engineering of fire alarm,5B091200
Engineer food industry,5B072600
Engineer 3D printing,5B070400
Engineer 3D printing,5B070300
Engineer 3D printing,5B060300
Aircraft Engineer and avionics (Avionics),5B071800
Automation engineer (automation specialist),5B070200
Automation engineer (automation specialist),5B010900
Automation engineer (automation specialist),5B060300
Engineer automation and mechanization of production processes,5B070200
Engineer automation of technological processes and production,5B070200
Engineer Road Safety,5B073100
Engineer transport network security,5B071300
Engineer of Water Resources and Irrigation,5B081000
Engineer computationally-measuring systems,5B010900
Engineer engines and auxiliary power units aircrafts,5B011000
Engineer for Land Management,5B090300
Engineer for Land Management,5B061000
Information Security Engineer,5B011100
Information Security Engineer,5B010900
Engineer Cadastre,5B090700
Engineer kriptozaschite,5B070300
Engineer kriptozaschite,5B010900
Engineer laser equipment and laser technologies,5B070200
Engineer Metallurgical machinery and equipment,5B060300
Metrology engineer,5B075000
Engineer for mechanization and automation of construction,5B070200
Engineer on nanoelectronics (on nanoelectronics Specialist),5B071800
Hardware engineer,5B070300
Engineer vehicle maintenance,5B070200
Engineer Labor norms,5B051900
Engineer traffic and transport management,5B090100
Engineer traffic and transport management,5B071300
Engineer Labor Organization,5B051900
Engineer ornithological aviation safety,5B073100
Engineer labor protection,5B051900
Engineer Occupational Health and Safety,5B051900
Engineer Occupational Health and Safety,5B073100
Engineer pneumatic,5B070200
Fire Safety Engineer,5B091200
Fire Safety Engineer,5B073100
Engineer Industrial Safety,5B073100
Engineer Industrial Safety,5B072600
Engineer electronic warfare,5B011000
Engineer rationalization and invention,5B071200
Engineer of relay protection and automation (RPA),5B070200
Engineer workover,5B071200
Engineer the renovation of technological machinery and equipment,5B071200
Welding engineer,5B071200
Engineering Systems automatic aircraft control,5B070200
Engineering Systems automatic aircraft control,5B011000
Engineer for maintenance and repair of roads,5B070200
Engineer software maintenance,5B011100
Standardization engineer,5B073200
Engineer unmanned vehicles,5B070200
Engineer at EMC,5B011000
Engineer of electric cars,5B070200
Engineer of electric cars,5B011000
Electrical engineer of aircraft,5B011000
Engineer for electric drive,5B011000
Engineer of electro installations,5B070200
Engineer of electro installations,5B011000
Engineer power engineering,5B011000
Engineer in nuclear engineering,5B060600
Instrumentation engineer,5B071600
Environmental engineer,5B011000
Communications engineer,5B051400
Communications engineer,5B070400
Engineer automation and remote control systems,5B070200
Engineer automation and remote control systems,5B011000
Engineer support systems,5B011000
telecommunications engineer,5B070400
Technical Support Engineer in the field of communications (telecommunications),5B051400
Technical Support Engineer in the field of communications (telecommunications),5B070400
Engineer refrigeration equipment,5B070400
Electronic Engineer,5B060300
Engineer-biotechnologist,5B011300
Engineer-biotechnologist,5B070100
Geological engineer,5B011600
Geophysicist,5B011600
Geophysicist,5B011000
Geophysicist,5B060400
Hydrology engineer (hydrogeologist),5B011600
Hydrology engineer (hydrogeologist),5B061000
Hydraulic engineer,5B011600
Hydraulic engineer,5B061000
Research engineer,5B011200
Research engineer,5B010900
Research engineer,5B060300
Design Engineer,5B060600
Design engineer vehicles,5B070200
Design engineer vehicles,5B011000
Design engineer unmanned road vehicles,5B071300
Design engineer unmanned road vehicles,5B011000
Design engineer internal combustion engines (ICE),5B011000
Design engineer implements industrial fishing and seafood,5B072600
Design engineer for flight dynamics and control aircraft,5B060600
Design engineer for rocketry,5B061100
Design engineer for rocketry,5B060600
Design Engineer on thermal physics in space industry,5B071700
Design Engineer on thermal physics in space industry,5B060400
Design Engineer Electrical Information in the aerospace industry,5B011000
Design Engineer Electrical Information in the aerospace industry,5B060600
Design engineer electronics,5B011000
Design engineer electronics,5B060600
Design engineer of special vehicles,5B071300
Design engineer of special vehicles,5B011000
Design Engineer Chemical Equipment,5B012500
Design Engineer Chemical Equipment,5B011200
Design Engineer Chemical Equipment,5B060600
Shipbuilding engineer (Shipbuilder),5B011000
Engineer kosmodorozhnik,5B061100
Engineer kosmodorozhnik,5B011000
Engineering and mathematics,5B010900
Engineering and mathematics,5B060100
Mechanical engineer,5B011000
Engineer-metallurgist,5B011000
Metallurgical Engineer,5B011000
Meteorology engineer,5B011000
Engineer-metrologist,5B075000
Mechanical engineer,5B060300
Mechanical Engineer (Agriculture),5B060300
Mechanical Engineer (refrigeration units),5B060300
Mechanical engineer - researcher,5B060300
A mechanical engineer by rocketry,5B060300
Mechanical engineer rolling stock,5B060300
Mechatronics engineer,5B060300
Mechatronics engineer in the automotive industry,5B070200
Mechatronics engineer in the automotive industry,5B011000
Engineer Optotehnika,5B011000
Patent engineer engineer,5B011000
Design engineer,5B011000
Engineer in the field of communications (telecommunications),5B051400
Engineer on the decommissioning of nuclear facilities,5B011000
Design Engineer heating systems,5B071700
Design Engineer heating networks,5B071700
Engineer prochnist,5B011000
Engineer prochnist aircraft structures,5B011000
Radio engineer,5B071800
Radio engineer,5B011000
Engineer radioelektronschik,5B011000
Development engineer hardware,5B011100
Development engineer hardware,5B011000
Development engineer in the field of Internet of Things,5B011100
Development engineer in the field of Internet of Things,5B011000
Engineer fish farmer,5B080400
Civil engineer,5B011000
Civil Engineer (highways),5B070200
Civil Engineer (highways),5B011000
Civil engineer of bridges and tunnels,5B011000
Engineer-navigator,5B011000
Circuit design engineer,5B011000
Heating engineer,5B071700
Heating engineer,5B011000
Thermophysical engineer,5B011000
Thermophysical engineer,5B060400
Heating energy engineer,5B011000
Engineer Thermophysics,5B011000
Engineer Thermophysics,5B060400
Process Engineer,5B011000
Process Engineer milk and milk products,5B060700
Process Engineer catering,5B060700
Process Engineer food production,5B060700
Technological engineer Timber,5B060700
Engineer Quality,5B060700
Engineer Metal Processing pressure,5B073800
Engineer glass and ceramics,5B060700
Process Engineer bakery production,5B060700
Process Engineer art material handling,5B060700
Engineer pulp and papermaking,5B060700
Process Engineer stamping production,5B060700
Engineer tribotechnology,5B060700
Engineer-physicist,5B011000
Engineer-physicist,5B060400
Chemical Engineer,5B012500
Chemical Engineer,5B011200
Chemical Engineer,5B060600
Environmental Engineer,5B060800
Environmental Engineer,5B060600
Engineer-economist,5B051300
Engineer-economist,5B060600
Electrical Engineer,5B011000
Electrician Engineer,5B011000
Electronics engineer,5B011000
Electronic Engineer onboard control systems,5B011000
Electronic Engineer,5B011000
Engineer-electric (by electric welding plants and systems specialist),5B011000
Electrical engineer,5B011000
Energy Engineer,5B011000
engineering psychology,5B010300
innovation manager,5B050700
Inspector (manager) of the HR,5B050700
Aviation Safety Inspector,5B073100
Affairs Inspector minors,5B073100
Nature Protection Inspector,5B060700
Safety Inspector,5B060700
inspector of Fisheries,5B080400
customs inspector,5B030400
Inspector of Criminal Investigation,5B030100
exercise physiologist,5B052300
Instructor adaptive physical education,5B010800
Instructor adaptive physical education,5B060400
Instructor of sports tourism,5B090200
Instructor of sports tourism,5B010800
Instructor of Physical Culture,5B010800
Instructor of Physical Culture,5B060400
Internet marketer,5B051100
Internet marketer,5B011100
Internet marketer,5B011100
Informatik (Specialist),5B100200
Informatik (Specialist),5B011100
Informatik (Specialist),5B010200
Informatik (Specialist),5B010300
Informatic technician,5B011100
Art critic,5B041500
Art critic,5B010700
on Islam,5B021500
Artist or ethnic folk songs (folk singer),5B040300
Artist design works,5B052300
Test parts and devices,5B071600
Historian,5B020300
Historian,5B011400
Historiographer,5B011400
source studies,5B020300
Cadastral engineer,5B090700
Cadastral engineer,5B011000
Cartographer,5B071100
Cartographer,5B060900
Category manager,5B050700
cybernetist,5B070300
Kiberpsiholog,5B010300
Kibersledovatel,5B070300
Kibertehnik smart media,5B070300
Film critic,5B040600
Film critic,5B040600
Canine,5B040600
Projectionist,5B070300
Cameraman (cameraman),5B041200
Cameraman (cameraman),5B070300
Sinologue (sinologue),5B020400
climatologist,5B060900
clinical bioinformatics,5B011300
clinical bioinformatics,5B070100
clinical bioinformatics,5B011100
clinical psychologist,5B010300
music video,5B041200
cognitive psychology,5B010300
Composer,5B041100
computer linguist,5B070300
Designer of spacecraft and systems,5B061100
security consultant personal profile,5B073100
Content marketing,5B051100
Content manager,5B050700
Kontroler,5B050700
Contract manager (Procurement of specialist),5B050700
bank examiner,5B050700
Controller in the production of ferrous metals,5B050700
Controller woodworking industry,5B050700
Controller components and devices,5B071600
Quality Controller (textiles),5B073300
Controller processing quality products,5B050700
Controller credit (borrowing),5B050700
Controller of optical components and devices,5B071600
Controller enrichment products,5B050700
Controller of non-ferrous metallurgy,5B050700
Controller electronics and appliances,5B071600
Controller machine tool and mechanical works,5B050700
Controller glass production,5B050700
Controller pulp and papermaking,5B050700
Head Cashier,5B050700
concertmaster,5B010600
Coordinator of educational online platform,5B010200
Coordinator of educational online platform,5B060300
Coordinator of Community Development Programs,5B050700
Production Coordinator in distributed communities,5B050700
Coordinator distributed tunneling teams,5B050700
copywriter,5B070300
Corporate anthropologist,5B011400
Corporate psychologist,5B010300
Corporate lawyer,5B030100
Corporate lawyer,5B011500
Corrector,5B070300
Correspondent,5B050400
beautician,5B060700
Space ballistics,5B061100
cosmobiology,5B012500
cosmobiology,5B011300
cosmobiology,5B061100
Kosmogeolog,5B011600
Kosmogeolog,5B061100
Test Cosmonaut,5B061100
credit analyst,5B010900
criminalist,5B030100
Culinary products from fish and seafood,5B071500
Kultorganizator,5B020400
Cultural studies,5B020400
Curator of information security,5B011100
assistant,5B070300
assistant,5B060700
Laboratory analysis of gases and dust,5B060700
Laboratory physico-mechanical tests,5B011000
Laboratory physico-mechanical tests,5B060400
Laboratory analysis assay,5B130100
Laboratory of spectral analysis,5B130100
Laboratory of physical tests,5B060400
Chemical Laboratory bacteriological analysis,5B012500
Chemical Laboratory bacteriological analysis,5B011200
Chemical Laboratory bacteriological analysis,5B060600
Laboratory chemical analysis,5B012500
Laboratory chemical analysis,5B011200
Laboratory chemical analysis,5B060600
Laboratory microbiologist,5B012500
Laboratory microbiologist,5B011300
Laboratory microbiologist,5B060700
Laboratory-polyarografist,5B041400
Laboratory-polyarografist,5B060600
Landscape designer,5B041000
Modeler architectural details,5B042000
sylviculturist,5B080700
loggers,5B080700
literary translator,5B020700
specialist in literature,5B011800
lithology,
logistician,5B090900
Logistic,5B090900
Speech therapist,5B010300
Speech therapist,5B010200
Speech therapist,5B010100
Marketer,5B051100
Marketer of the energy markets,5B051100
Marketer analyst,5B051100
Marketer,5B070300
Marketer of the energy markets,5B070300
Marketer analyst,5B010900
extraction of fish master,5B080400
Car technician (mechanic),5B070200
Fixer maintenance tractor fleet,5B071200
Mathematician,5B010900
Mathematician,5B010300
Mathematician,5B010200
Mathematician,5B060100
Mathematician,5B060300
Driver (obzhigalschikov) rotary kilns,5B071200
Driver (obzhigalschikov) shaft furnaces,5B071200
Motor grader driver,5B070200
Avtokamernogo driver unit,5B070200
The driver unit for the production of coiling hoses,5B071200
Driver block unit control system (boiler-turbine),5B071200
bulldozer driver,5B071200
The driver of the paper (cardboard) car (setochnik),5B072400
The driver of the paper (cardboard) car (setochnik),5B060900
Driver rig,5B071200
Machinist drilling rigs for oil and gas,5B071200
Blow molding machine operator,5B071200
Machinist gas turbines,5B071200
Driver granulating plastics,5B071200
Machinist calender,5B071200
Road roller driver self-propelled with smooth rolls,5B071200
The driver of the adhesive unit,5B071200
Machinist coke machines,5B071200
Machinist koksopogruzochnoy machines,5B071200
a compressor driver for supplying air to divers,5B071200
mobile compressor driver with an internal combustion engine,5B071200
The driver of compressor units,5B071200
The driver of the conveyor,5B071200
The driver of the boiler plant,5B071200
Machinist boilers,5B071200
Crane operator (crane),5B071200
Truck cranes machinists,5B070200
Crane operator metallurgical production,5B071200
locomotive engineer (a specialist in management and maintenance of the locomotive),5B071200
Machinist machines and mechanisms inland waters,5B071200
machine operator for the extraction and processing of sod peat,5B071200
machine operator on extraction and processing of milled peat,5B072800
machine operator on extraction and processing of milled peat,5B071200
Machinist machines for the preparation of peat deposits for exploitation,5B071200
Machinist mill,5B071200
Machinist mikstrudera,5B071200
Machinist of pump installations,5B071200
Machinist braiding machine,5B072400
Machinist braiding machine,5B071200
The driver of steam turbines,5B071200
Machinist by coiling ropes,5B071200
The driver of underground installations,5B070200
Machinist lift,5B071200
Driver pump action (donkerman),5B071200
Driver pulp drying machine (setochnik),5B071200
Machinist washing machines,5B071200
The driver of the impregnation unit,5B071200
The driver of the tread unit,5B071200
Driver driving machine,5B071200
Machinist raspletochnoy machines,5B072400
Machinist raspletochnoy machines,5B071200
Machinist packaging machines,5B071200
Machinist mixer,5B071200
Rushalnyh driver settings,5B071200
Machinist fishing machinery,5B071200
Machinist of scraper,5B070200
Machinist strainer,5B071200
Machinist raw mills,5B071200
Machinist Dough machines,5B071200
Machinist of technological compressors,5B070200
Machinist process pumps,5B071200
Machinist excavator peat,5B071200
Machinist skidders,5B071200
Pipe-layer driver,5B071200
Driver coal mills,5B071200
Driver installation self-adhesive films,5B071200
Fitting driver dry quenching coke,5B071200
Machinist molding unit,5B071200
Refrigerator operator,5B071200
Machinist cement mills,5B071200
Excavator driver,5B071200
Excavator driver odnokovshovogo,5B071200
The driver of the extruder,5B070200
Electric locomotive driver quenching car,5B071200
Electric locomotive driver mine,5B071200
Driver-crane,5B071200
Machinist crawler on the boiler equipment,5B070200
Machinist crawler of turbine equipment,5B071200
Media Manager,5B050700
The mediator of social conflicts,5B090500
Nurse,5B110100
Nurse on massage,5B130100
Medical laboratory technician,5B130100
Medical marketing,5B051100
Medical marketing,5B130100
Medical optics,5B130100
Medical sales pharmaceutical companies,5B110300
Medical technologist,5B060600
Medical physicist,5B011000
Medical physicist,5B060400
Medical Ecology,5B060800
improver,5B081000
Manager,5B050700
business affairs,5B050700
Manager in the fashion industry,5B050700
Nanotechnology Manager,5B050700
Nanotechnology Manager,5B070200
Manager in public catering,5B050700
health manager,5B052300
health manager,5B050700
health manager,5B110200
The manager of hotel service,5B050700
Web Manager,5B050700
Web Manager,5B011100
kosmoturizma manager,5B050700
kosmoturizma manager,5B090200
Manager kraudfandingovyh and kraudinvestingovyh platforms,5B050700
in the production manager,5B050700
Business Continuity Manager,5B050700
Manager oil and gas projects,5B050700
air travel manager,5B050700
air travel manager,5B090100
Internal Communications Manager (Inland PR),5B050700
Purchasing Manager,5B050700
Information Security Manager,5B050700
Information Security Manager,5B011100
Quality manager,5B050700
Cyber ​​Sport Manager,5B050700
Corporate culture manager,5B050700
Corporate culture manager,5B020400
of lending,5B050700
Logistics Manager,5B050700
Logistics Manager,5B090900
Marketing Manager,5B051100
Marketing Manager,5B050700
intercultural communication manager,5B050700
intercultural communication manager,5B020400
Manager for the modernization of power generation systems,5B050700
Manager for the modernization of power generation systems,5B081200
to organize events manager,5B050700
Evaluation manager staff,5B050700
Evaluation manager staff,5B090800
Evaluation manager staff,5B050700
Evaluation manager staff,5B090800
Human Resources Manager,5B050700
Sales Manager,5B050700
Account Manager,5B050700
Manager to work with customs,5B050700
Manager to work with customs,5B030400
A development manager,5B050700
Development Manager HR-brand,5B050700
Advertising Manager,5B050700
Public Relations Manager (PR),5B051400
Public Relations Manager (PR),5B050700
Strategic Planning Manager,5B050700
Tourism manager,5B050700
Tourism manager,5B090200
real estate operation manager,5B050700
e-learning manager,5B050700
koroporativnyh portfolio manager of venture capital funds,5B050700
Manager in information technology products,5B050700
Manager in information technology products,5B011100
Project manager,5B050700
The restaurant manager,5B050700
Warehouse Manager (storekeeper),5B050700
Manager of social and cultural activities,5B050700
Manager of social and cultural activities,5B090500
Manager of social and cultural activities,5B050700
Manager of social and cultural activities,5B020400
The manager of the construction project,5B050700
Manager of private equity fund investments in talented people,5B050700
Manager Environmentalist,5B050700
Manager Environmentalist,5B060800
Manager Environmentalist,5B050700
Manager Environmentalist,5B060600
Methodologist in education,5B010300
Methodologist in education,5B010200
Methodologist in education,5B010100
eLearning methodologist (e-learning),5B010300
eLearning methodologist (e-learning),5B010200
eLearning methodologist (e-learning),5B010100
Microbiologist,5B012500
Microbiologist,5B070100
Assistant nurse nursing,5B110100
Modeller of architectural details,5B042000
Pattern maker of wooden models,5B072500
Assembling coke production equipment,5B012500
Assembling coke production equipment,5B011200
Assembling coke production equipment,5B060600
Assembling equipment of radio and telephone communications,5B051400
Telecommunications equipment installer,5B051400
Assembling radio and special equipment of the aircraft,5B074300
Assembling of electronic equipment and devices,5B071600
Assembly connection-antenschik,5B051400
Installer-assembling connection,5B051400
Installer-communication linesmen,5B051400
Assembly connection fitter,5B051400
Assembly process pipelines,5B070200
Assembly of technological equipment and related structures,5B070200
Assembling electronic devices,5B071600
Assembling electrical equipment of aircrafts,5B074300
Fixer for protection of underground pipelines from corrosion,5B061000
marine engineer,5B071500
Minder (driver),5B060300
Minder cement-sand blender unit,5B061100
curator,5B011400
museum educator,5B041900
museum educator,5B012000
museum educator,5B010300
museum educator,5B010200
museum educator,5B011400
museum educator,5B010100
museum worker,5B041900
museum worker,5B011400
Museologist,5B041900
Museologist,5B011400
Musical critic,5B040100
musical Director,5B040100
Musical Director preschools,5B040100
Musician,5B040100
Musicologist,5B040100
Musical critic,5B010600
musical Director,5B010600
Musical Director preschools,5B010600
Musician,5B010600
Musicologist,5B010600
Multicurrency translator,5B020700
Mapping-director (mapping-director),5B040600
Typewriting,5B073300
Adjuster of automatic production lines and transfer machines,5B070200
Adjuster of automatic and semi-automatic,5B070200
Adjuster woodworking machinery,5B072500
Adjuster Railroad construction equipment and machinery,5B060300
Serviceman of instrumentation and automation,5B070200
Setter casting machines,5B060300
Adjuster printing equipment,5B041400
Adjuster printing equipment,5B072200
Adjuster welding equipment and gazoplazmorezatelnogo,5B071500
Automated production equipment and manipulators with program management,5B011100
Adjuster of the process equipment (hardware and software),5B011100
Adjuster technological equipment (computer network),5B070200
Adjuster technological equipment (electronic equipment),5B070200
Adjuster technological equipment in the production of building materials,5B070200
Adjuster molding and core machines,5B060300
Adjuster / grid controller for distributed power,5B081200
nanobiotechnology,5B070100
Nanoengineering,5B011000
Nanotechnology,5B011000
Nanophysics,5B011000
Nanophysics,5B060400
Head of WSS (water and sewage),5B080500
Head of Division (plant) operation WSS (water and sewage),5B080500
Head of the legal department,5B030100
Neuroscientist (neurophysiologist),5B012500
Neuroscientist (neurophysiologist),5B011300
Neuroinformatics,5B011100
neuropsychologist,5B010300
Notary,5B030100
Wrappers cell electric vehicles,5B060300
The handler of fish and seafood,5B071500
The crawler track and artificial structures,5B140100
oligophrenopedagogs,5B012000
The operator for the production of cooked sausage machine,5B070200
automated farm machinery operator,5B070200
The operator of the automated transport networks,5B071300
The operator of the automated transport networks,5B070200
The operator of automatic and semi-automatic lines cold-stamping equipment,5B070200
The operator of unmanned aerial vehicles (UAVs),5B074300
Operator livestock farms and mechanized farms,5B080200
The operator of the machine kruglochesalnoy,5B060300
Torsion operator and winding fibers,5B012500
Torsion operator and winding fibers,5B011200
Torsion operator and winding fibers,5B072000
Torsion operator and winding fibers,5B060600
Milking machine operator,5B060300
Operator continuous casting machine,5B060300
Operator of automatic and semi-automatic lines in the wood,5B072500
Operator of automatic and semi-automatic lines in the wood,5B070200
The operator of plasma chemical processes (electronic engineering),5B012500
The operator of plasma chemical processes (electronic engineering),5B011200
veterinary treatment of animals operator,5B120100
veterinary treatment of animals operator,5B080200
artificial insemination of animals and birds operator,5B080200
The operator of the processing of shipping documents,5B090100
Operator to prepare well to overhaul and underground repairs,5B061000
formation pressure maintenance operator,5B073800
the underground well repair operator,5B061000
Operator thread-automatic line,5B070200
Operator of production of silica materials,5B061000
Control panel operator equipment in the production of building products,5B074500
Telecommunications operator in the mail,5B051400
The operator of machine tools with program management,5B011100
The operator glass-forming machines,5B060300
The operator of technological installations,5B070200
The operator of electronic computers and computers,5B060300
Operator-smith on automatic and semi-automatic lines,5B070200
operating logistician,5B090900
Opera singer,5B040300
optometrist,5B011000
Optic-Mechanical,5B060300
The organizer of children's technical creativity,5B010300
The organizer of children's technical creativity,5B010200
The organizer of children's technical creativity,5B010100
The organizer of the musical and educational activities,5B040400
The organizer of the musical and educational activities,5B010600
The organizer of the musical and educational activities,5B010300
The organizer of the musical and educational activities,5B010200
The organizer of the musical and educational activities,5B010600
The organizer of the musical and educational activities,5B010100
Organizer of musical activity in preschool,5B040400
Organizer of musical activity in preschool,5B010600
Organizer of musical activity in preschool,5B010100
The organizer of project-based learning,5B010300
The organizer of project-based learning,5B010200
The organizer of project-based learning,5B010100
Orthodontist,5B130100
Finisher fibers,5B012500
Finisher fibers,5B072000
Finisher fibers,5B011200
Finisher fibers,5B060600
game manager,5B080300
Security guard,5B030300
business appraiser,5B090800
Intellectual Property Appraiser,5B090800
Real estate appraiser,5B090800
park ecologist,5B060800
park ecologist,5B060600
educator,5B012500
educator,5B012200
educator,5B012100
educator,5B012000
Singer (singer),5B040300
educator,5B011900
educator,5B011800
educator,5B011700
educator,5B011600
educator,5B011500
educator,5B011400
educator,5B011300
educator,5B011200
educator,5B011100
educator,5B011000
educator,5B010900
educator,5B060700
educator,5B010400
educator,5B010300
educator,5B010200
educator,5B010100
educator,5B060100
Children's journalism teacher,5B050400
Children's journalism teacher,5B012000
Children's journalism teacher,5B010300
Children's journalism teacher,5B010200
Children's journalism teacher,5B010100
Educator additional education,5B012000
Educator additional education,5B011100
Educator additional education,5B011000
Educator additional education,5B010400
Educator additional education,5B010300
Educator additional education,5B010200
Educator additional education,5B010100
The teacher of preschool education,5B012000
The teacher of preschool education,5B010100
The teacher of preschool education,5B060100
Teacher of inclusive education,5B012000
Teacher of inclusive education,5B011100
Teacher of inclusive education,5B010400
Teacher of inclusive education,5B010300
Teacher of inclusive education,5B010200
Teacher of inclusive education,5B010100
Teacher of adaptive physical culture and sport,5B010800
Teacher of adaptive physical culture and sport,5B010400
Teacher of adaptive physical culture and sport,5B010300
Teacher of adaptive physical culture and sport,5B010200
Teacher of adaptive physical culture and sport,5B010100
Teacher for gifted children,5B012000
Teacher for gifted children,5B011000
Teacher for gifted children,5B010400
Teacher for gifted children,5B010300
Teacher for gifted children,5B010200
Teacher for gifted children,5B010100
Teacher-neyrodefektolog,5B012000
Teacher-neyrodefektolog,5B010500
Teacher-neyrodefektolog,5B010300
Teacher-neyrodefektolog,5B010200
Teacher-neyrodefektolog,5B010100
Teacher-organizer,5B012000
Teacher-organizer,5B010300
Teacher-organizer,5B010200
Teacher-organizer,5B010100
Teacher-organizer of the instrumental ensemble,5B040500
Teacher-organizer of the instrumental ensemble,5B040200
Teacher-organizer of the instrumental ensemble,5B012000
Teacher-organizer of the instrumental ensemble,5B010300
Teacher-organizer of the instrumental ensemble,5B010200
Teacher-organizer of the instrumental ensemble,5B010100
Teacher-organizer of cultural activities,5B020400
Teacher-organizer of cultural activities,5B012000
Teacher-organizer of cultural activities,5B010300
Teacher-organizer of cultural activities,5B010200
Teacher-organizer of cultural activities,5B010100
Teacher-organizer of amateur folk choir,5B040500
Teacher-organizer of amateur folk choir,5B012000
Teacher-organizer of amateur folk choir,5B010300
Teacher-organizer of amateur folk choir,5B010200
Teacher-organizer of amateur folk choir,5B010100
Teacher-organizer of amateur choreographic group,5B040900
Teacher-organizer of amateur choreographic group,5B012000
Teacher-organizer of amateur choreographic group,5B010300
Teacher-organizer of amateur choreographic group,5B010200
Teacher-organizer of amateur choreographic group,5B010100
Teacher-psychologist,5B012000
Teacher-psychologist,5B010300
Teacher-psychologist,5B010200
Teacher-psychologist,5B010100
Pediatrician,5B130300
Pediatrician,5B010100
penitentiary psychology,5B010300
Perevodoved,5B020700
Interpreter,5B020700
Albanian language translator,5B020700
Albanian language translator,5B011900
Translator Altaic languages ​​(Indigenous Peoples of Altai),5B020700
Translator Altaic languages ​​(Indigenous Peoples of Altai),5B011900
English translator,5B020700
English translator,5B011900
Arabic Translator,5B020700
Arabic Translator,5B011900
Armenian Language Translator,5B020700
Armenian Language Translator,5B011900
Translator of African languages,5B020700
Translator of African languages,5B011900
Translator Bengali,5B020700
Translator Bengali,5B011900
Bulgarian language translator,5B020700
Bulgarian language translator,5B011900
Hungarian language translator,5B020700
Hungarian language translator,5B011900
Vepsian language translator,5B020700
Vepsian language translator,5B011900
Vietnamese Translator,5B020700
Vietnamese Translator,5B011900
Translator Greek (Modern Greek) language,5B020700
Translator Greek (Modern Greek) language,5B011900
Georgian translator,5B020700
Georgian translator,5B011900
Translator Danish,5B020700
Translator Danish,5B011900
Hebrew translator,5B020700
Hebrew translator,5B011900
Translator Spanish,5B020700
Translator Spanish,5B011900
Translator of the Italian language,5B020700
Translator of the Italian language,5B011900
Karelian language translator,5B020700
Karelian language translator,5B011900
Translator Chinese,5B020700
Translator Chinese,5B011900
Korean Translator,5B020700
Korean Translator,5B011900
Khmer translator,5B020700
Khmer translator,5B011900
Translator Latvian language,5B020700
Translator Latvian language,5B011900
Lithuanian Language Translator,5B020700
Lithuanian Language Translator,5B011900
Mongolian translator,5B020700
Mongolian translator,5B011900
Translator German,5B020700
Translator German,5B011900
Translator Dutch,5B020700
Translator Dutch,5B011900
Translator Norwegian,5B020700
Translator Norwegian,5B011900
Ossetian language translator,5B020700
Ossetian language translator,5B011900
Persian Translator,5B020700
Persian Translator,5B011900
Translator Polish,5B020700
Translator Polish,5B011900
Portuguese Translator,5B020700
Portuguese Translator,5B011900
Romanian language translator,5B020700
Romanian language translator,5B011900
Serbian Language Translator,5B020700
Serbian Language Translator,5B011900
Translator Thai,5B020700
Translator Thai,5B011900
Telugu translator,5B020700
Telugu translator,5B011900
Translator Tibetan languages,5B020700
Translator Tibetan languages,5B011900
Tuvan language translator,5B020700
Tuvan language translator,5B011900
Turkish Translator,5B020700
Turkish Translator,5B011900
Finnish Translator,5B020700
Finnish Translator,5B011900
French translator,5B020700
French translator,5B011900
Hindi translator,5B020700
Hindi translator,5B011900
Translator Czech,5B020700
Translator Czech,5B011900
Translator Swedish,5B020700
Translator Swedish,5B011900
Translator Estonian,5B020700
Translator Estonian,5B011900
Translator languages ​​of the peoples of the Far East,5B020900
Translator languages ​​of the peoples of the Far East,5B020700
Translator languages ​​of the peoples of the Far East,5B011900
Language translator of the North,5B020700
Language translator of the North,5B011900
Translator Siberian people languages,5B020700
Translator Siberian people languages,5B011900
Japanese Translator,5B020700
Japanese Translator,5B011900
Pechevoy processing of titanium and rare earth materials,5B072800
Pechevoy processing of titanium and rare earth materials,5B061000
Plodoovoschevod,5B080900
Train dispatcher (specialist operational dispatch management of rail transport),5B090100
Fireman,5B091200
examiner,5B072200
political psychologist,5B050200
political psychologist,5B010300
Political scientist,5B050200
political consultant,5B070200
Policeman,5B030300
Drilling assistant floating drilling unit in the sea,5B071500
assistant engineer diesel trains,5B060300
assistant locomotive driver,5B060300
electric driver's assistant,5B060300
electric driver's assistant,5B060300
port ecologist,5B060800
port ecologist,5B060600
soil scientist,5B080800
Human rights activist,5B030300
Human rights activist,5B030200
Human rights activist,5B011500
practical psychologist,5B050300
practical psychologist,5B010300
Teacher,5B010300
Teacher,5B010100
Teacher,5B010200
Teacher (Teacher) Intercultural Communication,5B010300
Teacher (teacher) robotics,5B010300
Teacher (teacher) robotics,5B010200
teacher AvtoDela,5B070200
teacher AvtoDela,5B010300
Actor's school teacher,5B040700
Actor's school teacher,5B010300
Actor's school teacher,5B010200
Albanian language teacher,5B011900
Albanian language teacher,5B010300
Albanian language teacher,5B010200
Teacher Altai languages,5B011900
Teacher Altai languages,5B010300
Teacher Altai languages,5B010200
English Teacher,5B011900
English Teacher,5B010300
English Teacher,5B010200
Arabic language teacher,5B011900
Arabic language teacher,5B010300
Arabic language teacher,5B010200
Teacher of Armenian language,5B011900
Teacher of Armenian language,5B010300
Teacher of Armenian language,5B010200
Teacher African languages,5B011900
Teacher African languages,5B010300
Teacher African languages,5B010200
Teacher Bengali,5B011900
Teacher Bengali,5B010300
Teacher Bengali,5B010200
Bulgarian language teacher,5B011900
Bulgarian language teacher,5B010300
Bulgarian language teacher,5B010200
Teacher of the Hungarian language,5B011900
Teacher of the Hungarian language,5B010300
Teacher of the Hungarian language,5B010200
Teacher of Vepsian language,5B011900
Teacher of Vepsian language,5B010300
Teacher of Vepsian language,5B010200
Teacher Vietnamese,5B011900
Teacher Vietnamese,5B010300
Teacher Vietnamese,5B010200
Geography teacher (geographic disciplines),5B011600
Geography teacher (geographic disciplines),5B010300
Geography teacher (geographic disciplines),5B060900
Geography teacher (geographic disciplines),5B010200
geodesy teacher,5B011600
Teacher of Greek (Modern Greek),5B011900
Teacher of Greek (Modern Greek),5B010300
Teacher of Greek (Modern Greek),5B010200
The teacher of the Georgian language,5B011900
The teacher of the Georgian language,5B010300
The teacher of the Georgian language,5B010200
Teacher Danish,5B011900
Teacher Danish,5B010300
Teacher Danish,5B010200
Teacher of music school,5B040400
Teacher of music school,5B010600
Teacher of music school,5B010300
Teacher of music school,5B010200
design teacher,5B042100
design teacher,5B010300
Greek language teacher,5B011900
Greek language teacher,5B010300
Greek language teacher,5B010200
teacher of painting,5B041300
teacher of painting,5B010300
Teacher of foreign literature,5B010300
Teacher of foreign literature,5B010200
teacher sound engineering,5B040600
Teacher iconographic art,5B010700
Teacher Information Technology,5B070200
Teacher Information Technology,5B011100
Teacher Information Technology,5B010200
Spanish teacher,5B011900
Spanish teacher,5B010200
Italian Language Teacher,5B011900
Italian Language Teacher,5B010200
Teacher of Kazakh literature,5B012100
Teacher of Kazakh literature,5B011700
Kazakh language teacher,5B012100
Kazakh language teacher,5B011900
Kazakh language teacher,5B011700
Teacher kinooperatorskogo skill,5B041200
Chinese Language Teacher,5B011900
Chinese Language Teacher,5B010200
Korean language teacher,5B011900
Korean language teacher,5B010200
Cultural Studies teacher,5B020400
Cultural Studies teacher,5B011900
Cultural Studies teacher,5B010200
Teacher Khmer,5B011900
Teacher Khmer,5B010200
Latin Teacher,5B011900
Latin Teacher,5B010200
Latvian language teacher,5B011900
Latvian language teacher,5B010200
linguistics lecturer,5B011900
linguistics lecturer,5B010200
Lithuanian language teacher,5B011900
Lithuanian language teacher,5B010200
logistics teacher,5B090900
logistics teacher,5B090900
Mongolian language teacher,5B011900
Mongolian language teacher,5B010200
German language teacher,5B011900
German language teacher,5B010200
Teacher Dutch,5B011900
Teacher Dutch,5B010200
Norwegian language teacher,5B011900
Norwegian language teacher,5B010200
Teacher of Persian language,5B011900
Teacher of Persian language,5B010200
Teacher on rhetoric (oratory),5B011900
Teacher on rhetoric (oratory),5B010200
Professor of Electrical Engineering,5B010300
The teacher of the Polish language,5B011900
The teacher of the Polish language,5B010200
Portuguese teacher,5B011900
Portuguese teacher,5B010200
additional teacher education programs,5B012000
additional teacher education programs,5B010100
teacher of psychology,5B050300
teacher of psychology,5B010300
teacher of religious Studies,5B020600
teacher of religious Studies,5B013000
teacher of religious Studies,5B010300
Romanian language teacher,5B011900
Romanian language teacher,5B010300
Romanian language teacher,5B010200
Teacher of Russian as a foreign language,5B012200
Teacher of Russian as a foreign language,5B011900
Teacher of Russian as a foreign language,5B011800
Teacher of Russian as a foreign language,5B010300
Teacher of Russian as a foreign language,5B010100
Teacher of Russian as a foreign language,5B010200
The teacher of the Serbian language,5B011900
The teacher of the Serbian language,5B010300
The teacher of the Serbian language,5B010200
Thai Teacher,5B011900
Thai Teacher,5B010300
Thai Teacher,5B010200
Teacher of technical disciplines,5B010300
technology teacher (special subjects),5B010300
Teacher Tuvan language,5B010300
Teacher Tuvan language,5B010200
Turkish language teacher,5B010300
Turkish language teacher,5B010200
Teacher of physical disciplines,5B010800
Teacher of physical disciplines,5B010200
Teacher of physical disciplines,5B010300
Teacher Philology (philological subjects),5B020500
Teacher Philology (philological subjects),5B020100
Teacher Philology (philological subjects),5B010300
Teacher Finnish,5B010300
Teacher Finnish,5B010200
Teacher of French,5B010300
Teacher of French,5B010200
Teacher chemical disciplines,5B072000
Teacher chemical disciplines,5B011200
Teacher chemical disciplines,5B010300
Teacher chemical disciplines,5B060600
Hindi teacher,5B010300
Hindi teacher,5B010200
Teacher of drawing and painting,5B010300
Teacher of drawing and painting,5B010200
Czech language teacher,5B010300
Czech language teacher,5B010200
Teacher Swedish,5B010300
Teacher Swedish,5B010200
ecology teacher,5B060800
ecology teacher,5B060600
ecology teacher,5B010300
ecology teacher,5B060800
ecology teacher,5B010200
Professor of economics (economic sciences),5B051300
Professor of economics (economic sciences),5B050600
Professor of economics (economic sciences),5B011500
Professor of economics (economic sciences),5B010300
Estonian language teacher,5B011900
Estonian language teacher,5B010200
Estonian language teacher,5B010300
Teacher of legal disciplines,5B010300
Teacher of the languages ​​of the Far East,5B020900
Teacher of the languages ​​of the Far East,5B011900
Teacher of the languages ​​of the Far East,5B010300
Teacher of the languages ​​of the Far East,5B010200
Teacher of the languages ​​of the North,5B011900
Teacher of the languages ​​of the North,5B010300
Teacher of the languages ​​of the North,5B010200
Language Teacher of Siberia,5B011900
Language Teacher of Siberia,5B010300
Language Teacher of Siberia,5B010200
Japanese language teacher,5B011900
Japanese language teacher,5B010300
Japanese language teacher,5B010200
Press operator of a paper (cardboard) car,5B060300
Press operator of a paper (cardboard) car,5B060900
Presser constructed ceramics,5B072900
Press operator at GIDROPRESS,5B061000
Press operator Building Products,5B072900
instrument operators,5B071600
Specialist marketer of pharmaceutical companies,5B051100
Specialist marketer of pharmaceutical companies,5B110300
Pharmacist Specialist in Clinical Research (Researcher),5B011200
Pharmacist-technologist,5B070200
Programmer High Performance Computing Systems,5B011100
microcontroller programmer,5B011100
Electronic programmer apparel recipes,5B011100
Product Manager,5B050700
Producer for the Performing Arts,5B010700
The designer of 3D-printing in construction,5B072900
Design of antenna-feeder devices spacecraft,5B061100
The designer of the life cycle of cosmic structures,5B061100
Designer individual financial trajectory,5B050900
The designer of energy storage,5B081200
field geologist,5B011600
industrial designer,5B042100
profkonsultanta,5B012000
Proforientolog,5B012000
Radio engineer,5B011000
Radio engineer in the aerospace industry,5B011000
Radiomechanic maintenance and repair of radio and television equipment,5B071800
radioman,5B071800
radiophysicist,5B011000
radiophysicist,5B010300
radiophysicist,5B060400
Developer Web and multimedia applications,5B070500
Developer IT interfaces in light industry,5B070501
Developer hardware board space systems,5B070502
Database Developer,5B070503
Developer tools for learning states of consciousness (psychic self-regulation),5B071500
Developer tools for learning states of consciousness (psychic self-regulation),5B070504
Developer intelligent dynamic scheduling control systems,5B070505
Developer kiberprotezov and implants,5B070506
Developer complex avionics aviation aircrafts,5B070507
Game developer,5B070508
Developer of mathematical and computer models,5B070509
Developer of mobile applications (mobile-developer),5B070510
Modeler big data,5B070511
Developer neural networks,5B070512
Developer of personal pension plans,5B070513
The developer of computer vision systems,5B070514
Developer microgeneration systems,5B070515
Developer of energy systems,5B081200
Developer of energy systems,5B070516
Developer flight control system of launch vehicles and spacecraft,5B070517
Developer tour navigators,5B070518
Developer Web and multimedia applications,5B070300
Developer IT interfaces in light industry,5B070300
Developer hardware board space systems,5B070300
Database Developer,5B070300
Developer tools for learning states of consciousness (psychic self-regulation),5B070300
Developer intelligent dynamic scheduling control systems,5B070300
Developer kiberprotezov and implants,5B070300
Developer complex avionics aviation aircrafts,5B070300
Game developer,5B070300
Developer of mathematical and computer models,5B070300
Developer of mobile applications (mobile-developer),5B070300
Modeler big data,5B070300
Developer neural networks,5B070300
Developer of personal pension plans,5B070300
The developer of computer vision systems,5B070300
Developer microgeneration systems,5B070300
Developer of energy systems,5B070300
Developer flight control system of launch vehicles and spacecraft,5B070300
Developer tour navigators,5B070300
Developer Web and multimedia applications,5B011100
Developer IT interfaces in light industry,5B011100
Developer hardware board space systems,5B061100
Database Developer,5B011100
Developer tools for learning states of consciousness (psychic self-regulation),5B011100
Developer intelligent dynamic scheduling control systems,5B011100
Developer kiberprotezov and implants,5B011100
Developer complex avionics aviation aircrafts,5B011100
Game developer,5B011100
Developer of mathematical and computer models,5B010900
Developer of mobile applications (mobile-developer),5B011100
Modeler big data,5B011100
Developer neural networks,5B011100
Developer of personal pension plans,5B011100
The developer of computer vision systems,5B011100
Developer microgeneration systems,5B011100
Developer of energy systems,5B011100
Developer flight control system of launch vehicles and spacecraft,5B061100
Developer tour navigators,5B011100
vehicles Examiner,5B070200
Area studies,5B050500
Electronic and electronic equipment and appliances,5B071600
Directed editing,5B040600
Directed individual tours,5B040600
The director of club events,5B040600
The director of musical theater (musical director),5B040600
The director of musical theater (musical director),5B010600
Film and theater director,5B041200
Film and theater director,5B040600
The director of the puppet theater,5B040600
Director and teacher,5B040600
Producer,5B040600
media director,5B040600
circus director,5B040600
Woodcarver and bark,5B072500
Religoved,5B020600
Religoved,5B013000
Repairman artificial structures,5B140100
Tutor,5B010300
Tutor,5B010200
Tutor,5B010100
Restorer of decorative and artistic paint layers,5B041700
Restorer of decorative plaster and stucco products,5B041700
Restorer of monuments of wooden architecture,5B072500
Restorer of works of wood,5B072500
restorer construction,5B072900
Recycling technologist,5B070200
Risk Manager,5B050700
Robotics (Robotics),5B070300
Robotics (Robotics),5B010300
Robotics (Robotics),5B010200
Robotics (Robotics),5B010100
A leader in the agribusiness (agricultural sector),5B072600
A leader in the field of education,5B010300
A leader in the field of education,5B010200
A leader in the field of education,5B010100
Head of children's fine art,5B010300
Head of children's fine art,5B010200
Head of children's fine art,5B010100
Head of children's choreographic group,5B040900
Head of children's choreographic group,5B010300
Head of children's choreographic group,5B010200
Head of children's choreographic group,5B010100
Head of graphic activity in preschool,5B010100
Bandleader children's musical instruments,5B040400
Bandleader children's musical instruments,5B040200
Bandleader children's musical instruments,5B010600
Bandleader children's musical instruments,5B010300
Bandleader children's musical instruments,5B010200
A leader in the field of information technology projects,5B011100
"The head of psychological, medical and pedagogical commission (head of PMPC)",5B050300
"The head of psychological, medical and pedagogical commission (head of PMPC)",5B012000
"The head of psychological, medical and pedagogical commission (head of PMPC)",5B010300
Head of Software Development,5B011100
The head of amateur folk choir,5B040500
coastal fishing fisherman,5B080400
pisciculturist,5B080400
fisherman,5B080400
veterinary medic,5B120100
Garbage timber ships,5B072500
Collector of semiconductor devices,5B071600
Assembling transformer cores,5B071300
collector transformers,5B071300
Collector electric machines and devices,5B060300
Assembler of electrical appliances,5B071600
Secretary-typist,5B060300
Family psychologist (family therapist),5B050300
Family psychologist (family therapist),5B010300
Family psychologist (family therapist),5B010200
Service engineer,5B070300
Service Engineer (Mechanical Engineer) road-building equipment,5B070300
Service Engineer in the IT,5B070300
network engineer,5B070300
lawyer network,5B070300
Service engineer,5B060300
Service Engineer (Mechanical Engineer) road-building equipment,5B060300
Service Engineer in the IT,5B010900
network engineer,5B010900
lawyer network,5B030100
lawyer network,5B011500
Interpreters (simultaneous interpreter),5B020700
System Administrator (System Engineer),5B010900
Systems Analyst,5B010900
system biotechnology,5B070200
system biotechnology,5B070100
System Mining Engineer,5B011000
Systems Engineer Smart Grid,5B081200
Systems Engineer Smart Grid,5B010900
Systems Engineer composite materials,5B011000
Marine Infrastructure Systems Engineer,5B071500
Marine Infrastructure Systems Engineer,5B011000
System programmer,5B011100
City Manager (local control),5B050700
City farmer,
Furrier-compositor,
Furrier-Pattern cutting,
Sculptor,5B041500
Investigator,
Smith,5B071600
Fitter for manufacturing of parts and components of sanitary systems,5B071600
Technician in manufacturing units and parts of industrial pipelines,5B070200
Millwright for instrumentation and automation,5B070200
Installation mechanic and repair bases and offshore drilling platforms,5B060300
technician on drilling,5B060300
technician and repair equipment,5B060300
Locksmith servicing power equipment,5B060300
Inspection and repair of locomotives fitter to paragraphs maintenance,5B060300
The mechanic on repair of aircraft engines,5B060300
Car mechanic,5B070200
Locksmith repairer,5B060300
repair locksmith road-building machines and tractors,5B060300
Repairman forestry equipment,5B060300
The mechanic on repair of aircraft,5B060300
repair mechanic equipment of boiler and coal preparation plants,5B060300
The mechanic on repair of thermal network equipment,5B060300
Repair of the fuel equipment mechanic,5B060300
Repairman gas and steam turbine equipment,5B060300
repair mechanic of rolling stock,5B060300
The mechanic on repair of track machines and mechanisms,5B060300
The mechanic on repair of agricultural machinery and equipment,5B060300
Repairman of technological installations,5B070200
Mechanic assembly of metal structures,5B071600
Locksmith for operation and maintenance of gas equipment,5B071600
Locksmith for operation and maintenance of underground pipelines,5B061000
Locksmith building,5B071600
Toolmaker,5B071601
Mechanic for testing installations and equipment,5B071602
Mechanic of electronic equipment,5B060300
Mechanic repair of aircraft instruments,5B060300
Mechanic electromechanical devices and systems,5B060300
Fitter instrumentation,5B071600
Fitter ship,5B071600
Plumber repairman,5B071600
Plumber,5B071600
Fitter aircraft instruments,5B071600
Fitter engines,5B071600
Fitter aircrafts,5B071600
Fitter electronics and appliances,5B071600
Electrical Fitter for maintenance and repair of underground metal structures,5B071600
Electrical Fitter for maintenance and repair of underground equipment,5B071600
Electrical Fitter for maintenance and repair of the station and tunnel underground equipment,5B071600
Electrical Fitter for maintenance and repair of escalators,5B071600
Electrical Fitter Electrical Repair,5B071600
Law enforcement officer,5B030300
Law enforcement officer,5B030200
Law enforcement officer,5B011500
social engineer,5B090500
Social teacher,5B090500
Social teacher,5B012300
Social teacher,5B012000
Social teacher,5B010300
Social teacher,5B010200
Social teacher,5B010100
social psychologist,5B050300
social psychologist,5B012300
social psychologist,5B010300
social psychologist,5B010200
social psychologist,5B090500
social psychologist,5B010100
Social worker adaptation of people with disabilities through the Internet,5B012300
Social worker,5B012300
Social worker adaptation of people with disabilities through the Internet,5B090500
Social worker adaptation of people with disabilities through the Internet,5B011100
Sociologist,5B050100
Sociologist,5B090500
Specialist (Engineer) Safety,5B073100
Specialist (Engineer) Data Protection,5B011100
Specialist (Engineer) Data Protection,5B010900
Specialist (organizer) for socio-cultural activities,5B012300
Specialist (technologist) on building materials,5B070200
The specialist biochemical production,5B012500
The specialist biochemical production,5B011300
The specialist biochemical production,5B011200
The specialist biochemical production,5B060600
A specialist in the field of information technology at nuclear power plants,5B070200
A specialist in the field of information technology at nuclear power plants,5B011100
A specialist in the field of power system (reactor compartment NPP),5B071700
A specialist in the field of accounting and control of nuclear materials in the field of nuclear energy,5B050800
A specialist in the field of accounting and control of nuclear materials in the field of nuclear energy,
state and municipal management specialist,5B060600
Specialist dispatching apparatus maintenance facilities and rail infrastructure devices,5B071300
Specialist publishing,5B042200
Coke production specialist,5B012500
Coke production specialist,5B011200
Coke production specialist,5B060600
Forestry and aesthetic forestry specialist,5B080700
by RS A specialist (remote sensing),5B061000
the Banking Automation Specialist,5B011100
Specialist car and tractor,5B070200
Specialist additive technologies,5B070200
Specialist in network administration,5B075200
Specialist in network administration,5B011100
Safety Specialist,5B073100
Safety Specialist,5B011100
security specialist in nanotechnology industry,5B073100
biomechanics expert,5B011300
biomechanics expert,5B070100
Biophotonics by specialist,5B011300
Biophotonics by specialist,5B070100
of Geotechnical Engineering Specialist,5B011600
Specialist urban inventory,5B090700
for arts and crafts specialist,5B041700
for arts and crafts specialist,5B041500
for arts and crafts specialist,5B010700
on children's psychological safety specialist,5B050300
on children's psychological safety specialist,5B010200
on children's psychological safety specialist,5B010300
on children's psychological safety specialist,5B010100
Equipment for diagnosing expert pipeline of oil and petroleum products,
Specialist in supervisory control oil and gas industry,5B070200
distance learning specialist,5B012000
A specialist in the production of fish,5B080400
Specialist in land and property relations,5B061000
for information warfare specialist,5B011100
Information Resources Specialist,5B011100
on Information Systems specialist,5B011100
Specialist systems in psychology,5B050300
Specialist systems in psychology,5B011100
Specialist systems in psychology,5B010300
Specialist systems for urban development,5B011100
Specialist in Medicine,5B011100
Specialist in Education,5B011100
Specialist Islamic banking and finance,5B050900
Specialist Islamic banking and finance,5B021500
Specialist testing of aircraft,5B074300
cartography specialist,5B071100
cartography specialist,5B071100
cartography specialist,5B060900
of local power supply systems specialist,5B081200
Specialist in mathematical methods in economics,5B051300
Specialist in mathematical methods in economics,5B050600
Specialist in mathematical methods in economics,5B011500
Specialist in mathematical methods in economics,5B010900
Specialist in mathematical methods in economics,5B060100
on mathematical modeler,5B010900
on mathematical modeler,5B060100
by machine learning expert,5B010900
for mobile robotics specialist,5B010900
on the modernization of building technology specialist,5B070200
Molecular specialist robotics (biorobotics),5B011300
Molecular specialist robotics (biorobotics),5B070100
maritime transport specialist,5B071500
Reliability Specialist manned space ships and stations,5B074600
Reliability Specialist manned space ships and stations,5B061100
of science communication specialist,5B010900
Neurocomputing by specialist,5B010900
of metal forming specialist,5B073800
The specialist for maintenance and repair of railway automation and remote control of devices,5B070200
A specialist in the organization of public-private partnerships in the social sector,5B012300
Specialist processing of oil and gas,5B060600
Experts estimate reserves of oil and gas,5B060600
of polygraphic equipment specialist,5B072200
Expert system for overcoming environmental disasters,5B060800
Expert system for overcoming environmental disasters,5B060600
Applied Informatics specialist,5B011100
alumina production specialist,5B061000
of psychological support specialist in emergency,5B050300
of psychological support specialist in emergency,5B010300
to work with an expert of the energy market,5B081200
Specialist radio and telecommunications,5B051400
Specialist exploration of oil and gas fields,5B060600
for service transport specialist,5B071300
A specialist in computer-aided design in the woodworking and furniture industries,5B072500
A specialist in computer-aided design in the woodworking and furniture industries,5B070200
social worker,5B090500
standardization and certification specialist,5B073200
Specialist theatrical decorative art,5B041700
Specialist theatrical decorative art,5B041500
Specialist theatrical decorative art,5B010700
Maintenance and current repair of specialist equipment and railway telecommunication devices,5B051400
Maintenance and current repair of specialist equipment and railway telecommunication devices,5B060300
technology modern energy materials specialist,5B070200
in mechanical engineering specialist,5B060300
in mechanical engineering specialist,5B070200
Specialist in technology and instruments of quantum electronics and photonics,5B070200
by technospheric Security Specialist,5B070200
Carriage specialist gas conduits,5B071300
customs official,5B030400
Customs Broker,5B030400
customs declarant,5B030400
TV journalist,5B050400
Theologian,5B021100
Techniques in mining and metallurgy,5B072600
A technician in the chemical industry,5B012500
A technician in the chemical industry,5B072000
A technician in the chemical industry,5B011200
A technician in the chemical industry,5B060600
Technician intermodal transport solutions,5B071300
Technician biotechnical and medical devices and systems,5B011300
Technician biotechnical and medical devices and systems,5B070100
Civil Engineering Technician,5B074500
Techniques for data protection,5B011100
Information Systems Technician,5B011100
Techniques for the production of aviation equipment,5B060300
Technician aerofotogeodezist,5B011600
Surveys technician,5B011600
Geological technician,5B011600
Geophysics technician,5B072300
Geophysics technician,5B011600
Geophysics technician,5B011000
Geophysics technician,5B060400
Technician and Hydrogeology,5B011600
Technician and Hydrogeology,5B061000
Technician-hydrologist,5B011600
Technician-hydrologist,5B061000
Technician Land,5B090300
Technician Land,5B061000
Technician cartographer,5B071100
Technician cartographer,5B060900
Meteorological Technician,5B075000
Technician metrologist,5B075000
Mechanical Technician,5B060300
Technician-programmer,5B011100
Technician fish farmer,5B080400
Heating engineer technician,5B071700
Technician,5B070200
Technician ecologist,5B060800
Technician ecologist,5B060600
Technician-Electrician,5B071800
Electrical Technician,5B071800
Electronic Technician,5B071800
Techno-stylist,5B070200
Technologist (process engineer) knitting,5B070200
Technologist (process engineer) knitting,5B011000
technologist OTC,5B070200
Light Industry Technologist,5B070200
Technologies in metal production,5B070200
Technologist catering,5B070200
Technology of food production,5B070200
Technologist refining,5B070200
Technologies for processing flax,5B070200
Technologies for processing of fish and seafood,5B080400
Technologies for processing of fish and seafood,5B070200
Technologist printing industry,5B072200
Technologist printing industry,5B070200
Technology of textile production,5B070200
Technology of garments,5B070200
Design technologist,5B070200
Technologist aesthetists,5B070200
Tiflokommentator,
Tiflopedagog,5B012000
Tiflopedagog,5B010100
Tractor-driver of agricultural production,5B060300
transport planner,5B071300
transport lawyer,5B030100
transport lawyer,5B071300
transport lawyer,5B011500
Traffic Manager advertising agency,5B050700
coach sports,5B010800
Training manager,5B050700
tutor,5B010300
tutor,5B010200
tutor,5B010100
turkologist,5B021200
Managing real estate (real estate management),5B050700
Urbanist ecologist,5B060600
accounting clerk,5B050800
Teacher,5B011700
Teacher,5B010400
Teacher,5B010300
Teacher,5B010200
Teacher,5B010100
Teacher,5B060300
The Master of Fine Arts (Fine Art),5B041500
The Master of Fine Arts (Fine Art),5B010700
The Master of Fine Arts (Fine Art),5B010300
The Master of Fine Arts (Fine Art),5B010200
The Master of Fine Arts (Fine Art),5B010100
Teacher MHK (world culture),5B020400
Teacher MHK (world culture),5B010300
Teacher MHK (world culture),5B010200
Teacher OBZH (life safety fundamentals),5B010300
Teacher OBZH (life safety fundamentals),5B010200
Teacher Adyghe language and literature,5B011900
Teacher Adyghe language and literature,5B010300
Teacher Adyghe language and literature,5B010200
English teacher,5B011900
English teacher,5B010300
English teacher,5B010200
English teacher in primary school,5B011900
English teacher in primary school,5B010200
English teacher in primary school,5B010300
teacher of archeology,5B051500
teacher of archeology,5B020800
teacher of archeology,5B010300
teacher of astronomy,5B061100
teacher of astronomy,5B010300
Teacher of Bashkir language and literature,5B011900
Teacher of Bashkir language and literature,5B010300
Teacher of Bashkir language and literature,5B010200
Biology teacher,5B012500
Biology teacher,5B011300
Biology teacher,5B070100
Biology teacher,5B010300
Biology teacher,5B010200
Teacher of biology and chemistry,5B012500
Teacher of biology and chemistry,5B012500
Teacher of biology and chemistry,5B011300
Teacher of biology and chemistry,5B011200
Teacher of biology and chemistry,5B010300
Teacher of biology and chemistry,5B060600
Teacher of the Buryat language and literature,5B011900
Teacher of the Buryat language and literature,5B010300
Teacher of the Buryat language and literature,5B010200
Geography teacher,5B012900
Geography teacher,5B011600
Geography teacher,5B060900
Geography teacher,5B010300
Teacher of geography and biology,5B012500
Teacher of geography and biology,5B011600
Teacher of geography and biology,5B011300
Teacher of geography and biology,5B010300
Dagestani teacher of languages ​​and literature,5B011900
Dagestani teacher of languages ​​and literature,5B010300
Dagestani teacher of languages ​​and literature,5B010200
science teacher,5B010300
science teacher,5B010200
Teacher of fine arts and plotting,5B010700
Teacher of fine arts and plotting,5B010300
Teacher of fine arts and plotting,5B010200
Teacher of fine arts and plotting,5B010100
Foreign language teachers,5B011900
Foreign language teachers,5B010300
Foreign language teachers,5B010100
Foreign language teachers,5B010200
Computer Science Teacher,5B011100
Computer Science Teacher,5B010300
Computer Science Teacher,5B060200
Teacher of Spanish,5B011900
Teacher of Spanish,5B010300
Teacher of Spanish,5B060200
History teacher,5B020300
History teacher,5B013000
History teacher,5B012900
History teacher,5B011400
History teacher,5B010300
History teacher,5B060200
Teacher of the Kazakh language and literature,5B012100
Teacher of the Kazakh language and literature,5B011900
Teacher of the Kazakh language and literature,5B010200
Teacher of the Kazakh language and literature,5B010300
Teacher of the Kazakh language and literature,5B011700
Teacher Kabardian Language and Literature,5B011900
Teacher Kabardian Language and Literature,5B010300
Teacher Kabardian Language and Literature,5B060200
Teacher of the Kalmyk language and literature,5B011900
Teacher of the Kalmyk language and literature,5B010300
Teacher of the Kalmyk language and literature,5B060200
Teacher Karachai-Balkar language and literature,5B011900
Teacher Karachai-Balkar language and literature,5B010300
Teacher Karachai-Balkar language and literature,5B060200
Teacher of Karelian language and literature,5B011900
Teacher of Karelian language and literature,5B010300
Teacher of Karelian language and literature,5B060200
Chinese Language Teacher,5B011900
Chinese Language Teacher,5B010300
Chinese Language Teacher,5B060200
Teacher of the Permian Komi language and literature,5B011900
Teacher of the Permian Komi language and literature,5B010300
Teacher of the Permian Komi language and literature,5B060200
teacher Local History,5B012900
teacher Local History,5B011400
teacher Local History,5B010300
teacher Local History,5B060200
The teacher of the Crimean Tatar language and literature,5B011900
The teacher of the Crimean Tatar language and literature,5B010300
The teacher of the Crimean Tatar language and literature,5B060200
Teacher Mari language and literature,5B011900
Teacher Mari language and literature,5B010300
Teacher Mari language and literature,5B060200
Mathematic teacher,5B012600
Mathematic teacher,5B010900
Mathematic teacher,5B010300
Mathematic teacher,5B060200
Mathematic teacher,5B010100
Mathematic teacher,5B060100
mathematics and computer science teacher,5B012700
mathematics and computer science teacher,5B011100
mathematics and computer science teacher,5B010900
mathematics and computer science teacher,5B060200
mathematics and computer science teacher,5B012800
mathematics and computer science teacher,5B010100
mathematics and physics teacher,5B012600
mathematics and physics teacher,5B011000
mathematics and physics teacher,5B010900
mathematics and physics teacher,5B010300
mathematics and physics teacher,5B060400
mathematics and physics teacher,5B010100
mathematics and computer science teacher,5B010300
mathematics and computer science teacher,5B060200
mathematics and computer science teacher,5B060300
mathematics and physics teacher,5B060300
Teacher Mordovian languages ​​and literature,5B011900
Teacher Mordovian languages ​​and literature,5B010300
Teacher Mordovian languages ​​and literature,5B060200
Teacher of music and singing,5B140300
Teacher of music and singing,5B040400
Teacher of music and singing,5B010600
Teacher of music and singing,5B010300
Teacher of music and singing,5B060200
Teacher of music and singing,5B010100
Primary school teacher,5B060200
Primary school teacher and primary school compensatory and remedial developmental education,5B140300
Primary school teacher and primary school compensatory and remedial developmental education,5B060200
German language teacher,5B011900
German language teacher,5B010300
German language teacher,5B060200
Social Studies teacher,5B010300
Social Studies teacher,5B060200
The teacher of the Ossetian language and literature,5B011900
The teacher of the Ossetian language and literature,5B060200
Orthodox culture teacher,5B020400
Orthodox culture teacher,5B010300
Teacher Law (Law teacher),5B030200
Teacher Law (Law teacher),5B011500
Teacher Law (Law teacher),5B010300
Teacher of Russian language and literature,5B012200
Teacher of Russian language and literature,5B011900
Teacher of Russian language and literature,5B011800
Teacher of Russian language and literature,5B010300
Teacher of Russian language and literature,5B010100
Teacher of Russian language and literature,5B060200
The teacher with the right to teach drawing in primary school,5B060200
The teacher of the Tatar language and literature,5B011900
The teacher of the Tatar language and literature,5B010300
The teacher of the Tatar language and literature,5B060200
labor training teacher,5B051900
labor training teacher,5B012000
labor training teacher,5B010300
labor training teacher,5B060200
Teacher of the Udmurt language,5B011900
Teacher of the Udmurt language,5B010300
Teacher of the Udmurt language,5B060200
Teacher of Ukrainian language and literature,5B011900
Teacher of Ukrainian language and literature,5B010300
Teacher of Ukrainian language and literature,5B060200
Physics teacher,5B011000
Physics teacher,5B010300
Physics teacher,5B060400
Physical education teacher,5B010300
Physical education teacher,5B060200
French master,5B011900
French master,5B010300
French master,5B060200
The teacher of the Khakas language and literature,5B011900
The teacher of the Khakas language and literature,5B010300
The teacher of the Khakas language and literature,5B060200
chemistry teacher,5B012500
chemistry teacher,5B011200
chemistry teacher,5B010300
chemistry teacher,5B060600
The teacher of the Chechen language and literature,5B011900
The teacher of the Chechen language and literature,5B010300
The teacher of the Chechen language and literature,5B060200
Teacher of the Chuvash language and literature,5B011900
Teacher of the Chuvash language and literature,5B010300
Teacher of the Chuvash language and literature,5B060200
Teacher of the Yakut language and literature,5B011900
Teacher of the Yakut language and literature,5B010300
Teacher of the Yakut language and literature,5B060200
Teacher-therapist,5B010500
Teacher-therapist,5B010300
Teacher-therapist,5B060200
Teacher-therapist,5B010100
Fanerovschik art products made of wood,5B072500
Pharmacist,5B110300
Farmer breeding farm,5B080200
Physicist,5B011000
Physicist,5B010300
Physicist,5B060400
Nuclear physicist (nuclear physicist),5B011000
Nuclear physicist (nuclear physicist),5B060400
Physiologist,5B011300
Human and Animal Physiology,5B011300
Physiotherapist,5B011300
Linguist (scholar and researcher),5B021000
Linguist (scholar and researcher),5B021000
Scholar Anglicist (Anglicist),5B021000
Scholar Anglicist (Anglicist),5B021000
Scholar germanist (germanist),5B021000
Scholar germanist (germanist),5B021000
Scholar Hispanist (Hispanist),5B021000
Scholar Hispanist (Hispanist),5B021000
Scholar novogretsist (novogretsist),5B021000
Scholar novogretsist (novogretsist),5B021000
Scholar novelist (novelist),5B021000
Scholar novelist (novelist),5B021000
Scholar specialist in Russian (specialist in Russian),5B021000
Scholar specialist in Russian (specialist in Russian),5B021000
Scholar Slavicist (Slavicist),5B021000
Scholar Slavicist (Slavicist),5B021000
Philosopher,5B021016
Linguist (scholar and researcher),5B020500
Linguist (scholar and researcher),5B020100
Scholar Anglicist (Anglicist),5B020500
Scholar Anglicist (Anglicist),5B020100
Scholar germanist (germanist),5B020500
Scholar germanist (germanist),5B020100
Scholar Hispanist (Hispanist),5B020500
Scholar Hispanist (Hispanist),5B020100
Scholar novogretsist (novogretsist),5B020500
Scholar novogretsist (novogretsist),5B020100
Scholar novelist (novelist),5B020500
Scholar novelist (novelist),5B020100
Scholar specialist in Russian (specialist in Russian),5B020500
Scholar specialist in Russian (specialist in Russian),5B020100
Scholar Slavicist (Slavicist),5B020500
Scholar Slavicist (Slavicist),5B020100
Philosopher,5B020500
Philosopher,5B020100
Financier,5B050900
Financier,5B050900
Financial Analyst (financial analysis and modeling specialist),5B051200
Financial Analyst (financial analysis and modeling specialist),5B050900
Financial Analyst (financial analysis and modeling specialist),5B050900
financial engineer,5B050900
financial engineer,5B050900
Financial Consultant,5B050900
Financial Controller,5B050900
Financial Manager,5B050900
Financier,5B030400
Financier,5B060100
Financial Analyst (financial analysis and modeling specialist),5B010900
Financial Analyst (financial analysis and modeling specialist),5B060100
financial engineer,5B010900
financial engineer,5B060100
Financial Controller,5B030400
Financial Manager,5B050700
Moulder constructed ceramics,5B074500
Chemist,5B012500
Chemist,5B011200
Chemist,5B010300
Chemist,5B060600
Chemist pharmaceutical industry,5B110300
Chemist pharmaceutical industry,5B012500
Chemist pharmaceutical industry,5B011200
Chemist pharmaceutical industry,5B060600
Analyst,5B012500
Analyst,5B011200
Analyst,5B060600
Chemical engineer,5B012500
Chemical engineer,5B070200
Chemical engineer,5B011200
Chemical engineer,5B060600
Choreographer,5B040900
choral singer,5B040500
choral singer,5B040300
Art Director,5B041000
Artist,5B041000
Artist decorative painting metal,5B041700
Artist decorative painting metal,5B041000
Artist miniature painting,5B041300
Artist miniature painting,5B041000
Artist folk crafts,5B041000
Costume designer in film and television,5B041200
Costume Designer,5B041000
Costume designer in the theater,5B041000
advertising artist,5B041000
Artist weaving,5B041000
Artist painting on wood,5B072500
Artist painting on fabric,5B041000
Artist painting on enamel,5B041000
Artist Puppet Theater (artist-puppeteer),5B041000
artist theater,5B041000
Animator,5B041000
Graphic Artist,5B041400
Graphic Artist,5B041000
Designer,5B041000
Painter,5B041300
Painter,5B041000
Illustrator,5B041000
Artist-Designer,5B041000
Fashion designer,5B041000
Muralist,5B041000
Animator,5B041000
Graphic Designer,5B041000
Artist and teacher,5B012000
Artist and teacher,5B010300
Artist and teacher,5B060200
Artist and teacher,5B010100
Art director Puppet Theater,5B041000
Art restorer,5B041000
The artist-technologist,5B070200
Watchmaker repair of electronic and quartz watches,5B071800
Account Manager,5B050700
Eco-recyclers in metallurgy,5B060600
Ecoanalytics,5B060600
Ecoanalytics in the extractive industries,5B060600
Ecoanalytics in construction,5B060600
Ecologist,5B060800
Ecologist,5B060600
Economist,5B051300
Economist,5B050600
on labor economist and wages,5B050600
in finance and credit Economist,5B050600
Economist cybernetician,5B050600
International economics,5B050600
on labor economist and wages,5B060100
in finance and credit Economist,5B060100
Economist cybernetician,5B060100
International economics,5B051300
International economics,5B060100
Ekopropovednik,5B060800
Freight forwarder,5B090100
Expert engineering and technical expertise,5B060400
welder,5B071800
Electrolysis aqueous solutions,5B071800
Electrolysis of molten salts,5B071800
Electrician for testing and repair of electrical equipment,5B071800
Electrician Elevator,5B071800
Electrician for repair and maintenance of medical optical instruments,5B071600
Electrician for repair and maintenance of medical equipment,5B071800
Electrician on repair and maintenance of anesthesia and respiratory equipment,5B071800
Electrician on repair and maintenance of electronic medical equipment,5B071800
Electrician by trade and refrigerating equipment,5B071800
Electrical,5B071800
Electrical electro-mechanical clock blocks,5B071800
Electrical cable networks,5B071800
Electrical lighting and lighting networks,5B071800
Electrical switchgear on and secondary circuits,5B071800
Electrical components for power grids and electrical equipment,5B071800
Electrical components of electrical machines,5B060300
Electrical ship,5B071800
Electrical-setter,5B071800
Electrical-skhemschik,5B071800
Electrician of contact network,5B075200
Electrician of contact network,5B071800
Linear constructions electrician telephone and radio,5B051400
Linear constructions electrician telephone and radio,5B071800
Electrician operational and mobile team,5B071800
Electrician fire alarm systems,5B091200
Electrician fire alarm systems,5B071800
Electrician maintenance of substations,5B071800
Electrician services electrical power,5B071800
Electrician on repair of equipment of relay protection and automation,5B070200
Electrician for repair of overhead power lines,5B071800
Electrician repairing secondary switching and communication,5B051400
Electrician repairing secondary switching and communication,5B071800
electrician repair and installation of cable lines,5B071800
Electrician,5B071800
Electrician operation of distribution networks,5B071800
Electrician wired radio station equipment,5B071800
Electrician of Station Equipment telegraphy,5B051400
Electrician of Station Equipment telegraphy,5B071800
Station electrician telephone equipment,5B071800
Electrician traction substations,5B071800
"Electrician, linesmen installation of high voltage overhead lines and contact network",5B071800
Welder on automatic and semi-automatic machines,5B070200
Welder manual welding,5B071800
Electrician maintenance and automation of measuring power,5B070200
Electrician for maintenance and repair of equipment,5B071800
Electrician for repair and maintenance of measuring instruments and automation plants,5B070200
Electrician repair switchgear equipment,5B071800
Electrician on repair of electrical machinery,5B060300
repair electrician electrical power,5B071800
underground electrician,5B061000
building electrician,5B071800
Energy Auditor,5B081200
Power dispatcher railway transport,5B071300
Crooner,5B040800
Crooner,5B040300
Ethnographer,5B020800
ethnologist,5B020800
Lawyer,5B030100
Lawyer,5B011500
Lawyer Law of the Sea (maritime lawyer),5B030100
Lawyer Law of the Sea (maritime lawyer),5B071500
Lawyer in labor law,5B030100
Lawyer in labor law,5B071500
International lawyer,5B030200
International lawyer,5B030100
International lawyer,5B011500
dombra,5B140200
kobyz,5B140200